CategoryID;Category;Product Name
1;Electronics;Smartphone XYZ
1;Electronics;Laptop Pro
1;Electronics;Wireless Earbuds
1;Electronics;4K Smart TV
1;Electronics;Gaming Console
1;Electronics;Bluetooth Speaker
1;Electronics;Smartwatch
1;Electronics;Portable Charger
1;Electronics;Noise-Canceling Headphones
1;Electronics;Action Camera
1;Electronics;Wireless Mouse
1;Electronics;External Hard Drive
1;Electronics;Graphic Card
1;Electronics;USB-C Hub
1;Electronics;Wireless Keyboard
1;Electronics;VR Headset
1;Electronics;Smart Home Security Camera
1;Electronics;Desk Monitor Stand
1;Electronics;Gaming Keyboard
1;Electronics;In-Ear Gaming Headset
1;Electronics;Wireless Charging Pad
1;Electronics;Smart Thermostat
1;Electronics;Home Theater Sound System
1;Electronics;Compact Photo Printer
1;Electronics;Solar-Powered Phone Charger
1;Electronics;RGB Gaming Mouse Pad
1;Electronics;USB-C Docking Station
1;Electronics;Wireless Presenter
1;Electronics;Car Phone Holder with Wireless Charging
1;Electronics;Wireless Charging Stand
1;Electronics;Smart LED Strip Lights
1;Electronics;Portable Projector
1;Electronics;Gaming Chair
1;Electronics;Wireless Gaming Controller
1;Electronics;External SSD
1;Electronics;USB Microphone
1;Electronics;Mini Bluetooth Speaker
1;Electronics;Compact Drone
1;Electronics;RGB Gaming PC Case
1;Electronics;Wireless Charging Mouse Pad
1;Electronics;Smart Light Bulbs
1;Electronics;Gaming Laptop Cooling Pad
1;Electronics;Webcam with Microphone
1;Electronics;Bluetooth Ear Muffs
1;Electronics;Foldable Laptop Stand
1;Electronics;360-Degree Camera
1;Electronics;Solar-Powered Bluetooth Speaker
1;Electronics;Solar-Powered Wireless Security Camera
1;Electronics;Portable Bluetooth Speaker
1;Electronics;Wireless Gaming Mouse
1;Electronics;Bluetooth In-Ear Headphones
1;Electronics;Smart WiFi Router
1;Electronics;USB Gaming Headset
1;Electronics;External Blu-ray Drive
1;Electronics;Portable Gaming Monitor
1;Electronics;Wireless Charging Desk Lamp
1;Electronics;Smartphone Gimbal Stabilizer
1;Electronics;Gaming Mousepad with RGB Lighting
1;Electronics;Bluetooth Car Kit
1;Electronics;Wireless Charging Car Mount
1;Electronics;USB-C External Monitor
1;Electronics;Smart Home Lighting Kit
1;Electronics;Wireless Charging Alarm Clock
1;Electronics;Smartphone Camera Lens Kit
1;Electronics;Wireless Charging Mouse
1;Electronics;Foldable Drone with Camera
1;Electronics;Gaming Mechanical Keyboard
1;Electronics;Smart WiFi Plug
1;Electronics;Portable Bluetooth Keyboard
1;Electronics;Noise-Canceling Gaming Headset
1;Electronics;USB-C Portable Monitor
1;Electronics;Smart Light Switch
1;Electronics;Gaming Desk with RGB Lighting
1;Electronics;Wireless Sport Earphones
1;Electronics;Bluetooth Audio Receiver
1;Electronics;RGB Gaming Desk Mat
1;Electronics;Solar-Powered USB Charger
1;Electronics;Foldable Bluetooth Headphones
1;Electronics;Smart Home Door Lock
1;Electronics;Portable Solar Panel
1;Electronics;Wireless Barcode Scanner
1;Electronics;Bluetooth FM Transmitter
1;Electronics;Smart Mirror with LED Lights
1;Electronics;Wireless Charging Desk Organizer
1;Electronics;Gaming Graphics Card
1;Electronics;Smart Ceiling Fan
1;Electronics;Portable Power Bank
1;Electronics;Gaming Monitor
1;Electronics;USB-C Charging Cable
1;Electronics;Wireless Touchpad Keyboard
1;Electronics;Smart WiFi Thermostat
1;Electronics;Foldable Solar Panel Charger
1;Electronics;Bluetooth Karaoke Microphone
1;Electronics;Gaming Controller Charger Dock
1;Electronics;Wireless Bluetooth Earbuds
1;Electronics;Smart Plug Set
1;Electronics;Bluetooth Gaming Headset
1;Electronics;RGB Mechanical Gaming Keyboard
1;Electronics;Smart WiFi Range Extender
1;Electronics;Foldable Bluetooth Keyboard
1;Electronics;Gaming Laptop Stand
1;Electronics;Smart LED Desk Lamp
1;Electronics;USB-C Power Bank
1;Electronics;Smart Fitness Tracker
1;Electronics;Gaming Mouse with Programmable Buttons
1;Electronics;Bluetooth Mini Projector
1;Electronics;Smart Video Doorbell
1;Electronics;Wireless Gaming Mousepad
1;Electronics;Bluetooth FM Transmitter for Car
1;Electronics;USB-C Hub with HDMI
1;Electronics;Smart Home Security System
1;Electronics;Foldable Solar-Powered Lantern
1;Electronics;Wireless Charging Desk Pad
1;Electronics;Smart Glasses with Built-in Camera
1;Electronics;RGB Gaming Desk Chair
2;Home and Living;Memory Foam Mattress
2;Home and Living;Robot Vacuum Cleaner
2;Home and Living;Weighted Blanket
2;Home and Living;Smart Thermostat
2;Home and Living;LED Desk Lamp
2;Home and Living;Essential Oil Diffuser
2;Home and Living;Air Purifier
2;Home and Living;Coffee Maker
2;Home and Living;Indoor Plants Set
2;Home and Living;Electric Kettle
2;Home and Living;Smart Home Security System
2;Home and Living;Aromatherapy Candles Set
2;Home and Living;Adjustable Standing Desk
2;Home and Living;Shiatsu Neck and Back Massager
2;Home and Living;Floor Lamp with Remote Control
2;Home and Living;Organic Cotton Bed Sheets
2;Home and Living;Robotic Lawn Mower
2;Home and Living;Smart Door Lock
2;Home and Living;Reclining Massage Chair
2;Home and Living;Smart Wi-Fi Light Bulbs
2;Home and Living;Portable Air Conditioner
2;Home and Living;Smart Smoke Detector
2;Home and Living;Smart Doorbell
2;Home and Living;Waterproof Mattress Protector
2;Home and Living;Electric Fireplace
2;Home and Living;Smart Plug Set
2;Home and Living;Wi-Fi Mesh System
2;Home and Living;Wireless Charging Nightstand
2;Home and Living;Smart Mirror with LED Lights
2;Home and Living;Smart Home Camera System
2;Home and Living;Memory Foam Pillow
2;Home and Living;Bluetooth Shower Speaker
2;Home and Living;Cordless Vacuum Cleaner
2;Home and Living;Smart Coffee Maker
2;Home and Living;Smart Light Switch
2;Home and Living;UV-C Sanitizing Wand
2;Home and Living;Wi-Fi Smart Power Strip
2;Home and Living;Fabric Storage Bins
2;Home and Living;Reusable Food Storage Bags
2;Home and Living;Adjustable Bed Base
2;Home and Living;Solar-Powered Outdoor Lights
2;Home and Living;Smart Humidifier
2;Home and Living;Cordless Electric Kettle
2;Home and Living;Noise-Canceling Curtains
2;Home and Living;Smart Weight Scale
2;Home and Living;Smart Refrigerator
2;Home and Living;Portable Clothes Steamer
2;Home and Living;Wireless Charging Desk Organizer
2;Home and Living;Smart LED Strip Lights
2;Home and Living;Self-Watering Planters
2;Home and Living;Smart Water Bottle
2;Home and Living;Electric Wine Opener
2;Home and Living;Solar-Powered Garden Lights
2;Home and Living;Bluetooth Meat Thermometer
2;Home and Living;Smart Ceiling Fan
2;Home and Living;Portable Projector Screen
2;Home and Living;Smart Pet Feeder
2;Home and Living;Smart Home Alarm System
2;Home and Living;Wall-Mounted Folding Desk
2;Home and Living;Sleep White Noise Machine
2;Home and Living;Smart Curtain System
2;Home and Living;Touchless Trash Can
2;Home and Living;Smart Lawn Sprinkler
2;Home and Living;Smart Home Weather Station
2;Home and Living;Cordless Electric Blanket
2;Home and Living;Bluetooth Smart Lock
2;Home and Living;Smart Home Energy Monitor
2;Home and Living;Smart Plant Watering System
2;Home and Living;Smart Garage Door Opener
2;Home and Living;Wireless Charging Desk Lamp
2;Home and Living;Adjustable Desk Chair
2;Home and Living;Smart Bedside Table
2;Home and Living;Smart Air Purifier
2;Home and Living;Robot Window Cleaner
2;Home and Living;Smart Water Leak Detector
2;Home and Living;UV-C Disinfection Lamp
2;Home and Living;Smart Pet Tracker
2;Home and Living;Smart Garbage Disposal
2;Home and Living;Smart Bathroom Scale
2;Home and Living;Smart Mirror TV
2;Home and Living;Smart Door Window Sensor
2;Home and Living;Smart Refrigerator Organizer
2;Home and Living;Smart UV-C Toothbrush Sanitizer
2;Home and Living;Smart Home Yoga Mat
2;Home and Living;Smart Home Aquarium
2;Home and Living;Smart Picture Frame
2;Home and Living;Smart Home Spice Rack
2;Home and Living;Smart Home Coffee Grinder
2;Home and Living;Smart Home Air Fryer
2;Home and Living;Smart Home Blender
2;Home and Living;Smart Home Slow Cooker
2;Home and Living;Smart Home Rice Cooker
2;Home and Living;Smart Home Sous Vide Cooker
2;Home and Living;Smart Home Coffee Maker
2;Home and Living;Smart Home Toaster
2;Home and Living;Smart Home Food Processor
2;Home and Living;Smart Home Bread Maker
2;Home and Living;Smart Home Ice Cream Maker
2;Home and Living;Smart Home Vacuum Sealer
2;Home and Living;Smart Home Hand Mixer
2;Home and Living;Smart Home Juicer
2;Home and Living;Smart Home Waffle Maker
2;Home and Living;Smart Home Electric Kettle
2;Home and Living;Smart Home Stand Mixer
2;Home and Living;Smart Home Popcorn Maker
2;Home and Living;Smart Home Sandwich Maker
2;Home and Living;Smart Home Grill
2;Home and Living;Smart Home Food Dehydrator
2;Home and Living;Smart Home Pizza Oven
2;Home and Living;Smart Home Panini Press
2;Home and Living;Smart Home Hot Plate
2;Home and Living;Smart Home Egg Cooker
2;Home and Living;Smart Home Crepe Maker
2;Home and Living;Smart Home Food Steamer
2;Home and Living;Smart Home Quesadilla Maker
2;Home and Living;Smart Home Toaster Oven
2;Home and Living;Smart Home Electric Griddle
2;Home and Living;Smart Home Sausage Stuffer
2;Home and Living;Smart Home Meat Grinder
2;Home and Living;Smart Home Espresso Machine
2;Home and Living;Smart Home Milk Frother
2;Home and Living;Smart Home Electric Can Opener
2;Home and Living;Smart Home Knife Sharpener
2;Home and Living;Smart Home Oil Diffuser
2;Home and Living;Smart Home Bread Box
2;Home and Living;Smart Home Spice Grinder
2;Home and Living;Smart Home Herb Garden
2;Home and Living;Smart Home Trash Compactor
2;Home and Living;Smart Home Pasta Maker
2;Home and Living;Smart Home Fondue Set
2;Home and Living;Smart Home Ice Maker
2;Home and Living;Smart Home Rice Dispenser
2;Home and Living;Smart Home Yogurt Maker
2;Home and Living;Smart Home Egg Separator
2;Home and Living;Smart Home Kitchen Scale
2;Home and Living;Smart Home Meat Thermometer
2;Home and Living;Smart Home Sous Vide Precision Cooker
2;Home and Living;Smart Home Vacuum Insulated Bottle
2;Home and Living;Smart Home Food Storage Container
2;Home and Living;Smart Home Electric Salt and Pepper Grinder
2;Home and Living;Smart Home Electric Citrus Juicer
2;Home and Living;Smart Home Food Chopper
2;Home and Living;Smart Home Digital Food Thermometer
2;Home and Living;Smart Home Meat Slicer
2;Home and Living;Smart Home Electric Potato Peeler
2;Home and Living;Smart Home Electric Milk Frother
2;Home and Living;Smart Home Digital Kitchen Timer
2;Home and Living;Smart Home Automatic Pet Feeder
2;Home and Living;Smart Home Robotic Bartender
2;Home and Living;Smart Home Electric Wine Opener
2;Home and Living;Smart Home Countertop Dishwasher
2;Home and Living;Smart Home UV-C Toothbrush Sanitizer
2;Home and Living;Smart Home Automatic Soap Dispenser
2;Home and Living;Smart Home Electric Toothbrush
2;Home and Living;Smart Home Electric Facial Cleanser
2;Home and Living;Smart Home Air Freshener
2;Home and Living;Smart Home Essential Oil Diffuser
2;Home and Living;Smart Home UV-C Sanitizing
3;Fashion and Apparel;Classic White T-Shirt
3;Fashion and Apparel;Skinny Jeans
3;Fashion and Apparel;Leather Jacket
3;Fashion and Apparel;Canvas Sneakers
3;Fashion and Apparel;Little Black Dress
3;Fashion and Apparel;Ankle Boots
3;Fashion and Apparel;Denim Jacket
3;Fashion and Apparel;Graphic T-Shirt
3;Fashion and Apparel;High-Waisted Leggings
3;Fashion and Apparel;White Sneakers
3;Fashion and Apparel;Button-Down Shirt
3;Fashion and Apparel;Blazer
3;Fashion and Apparel;Floral Sundress
3;Fashion and Apparel;Crewneck Sweatshirt
3;Fashion and Apparel;Sports Bra
3;Fashion and Apparel;Chino Pants
3;Fashion and Apparel;Cardigan Sweater
3;Fashion and Apparel;Maxi Skirt
3;Fashion and Apparel;V-Neck Sweater
3;Fashion and Apparel;Loafers
3;Fashion and Apparel;Wrap Dress
3;Fashion and Apparel;Plaid Shirt
3;Fashion and Apparel;Denim Shorts
3;Fashion and Apparel;Ballet Flats
3;Fashion and Apparel;Polo Shirt
3;Fashion and Apparel;Shift Dress
3;Fashion and Apparel;High-Top Sneakers
3;Fashion and Apparel;Cropped Hoodie
3;Fashion and Apparel;Pencil Skirt
3;Fashion and Apparel;Overalls
3;Fashion and Apparel;Peacoat
3;Fashion and Apparel;Ripped Jeans
3;Fashion and Apparel;Strappy Sandals
3;Fashion and Apparel;Graphic Hoodie
3;Fashion and Apparel;Midi Dress
3;Fashion and Apparel;Knee-High Boots
3;Fashion and Apparel;Turtleneck Sweater
3;Fashion and Apparel;Leather Pants
3;Fashion and Apparel;Silk Blouse
3;Fashion and Apparel;Utility Jacket
3;Fashion and Apparel;Distressed Denim Jacket
3;Fashion and Apparel;Sweater Dress
3;Fashion and Apparel;High-Heel Pumps
3;Fashion and Apparel;Biker Jacket
3;Fashion and Apparel;Chambray Shirt
3;Fashion and Apparel;Skater Skirt
3;Fashion and Apparel;Cropped Tank Top
3;Fashion and Apparel;Faux Fur Coat
3;Fashion and Apparel;Racerback Tank
3;Fashion and Apparel;Wide-Leg Pants
3;Fashion and Apparel;Bomber Jacket
3;Fashion and Apparel;Off-the-Shoulder Top
3;Fashion and Apparel;Jeans Jacket
3;Fashion and Apparel;Sleeveless Blouse
3;Fashion and Apparel;Corduroy Pants
3;Fashion and Apparel;Longline Coat
3;Fashion and Apparel;Slip-On Sneakers
3;Fashion and Apparel;Wrap Top
3;Fashion and Apparel;Mock Neck Sweater
3;Fashion and Apparel;Boyfriend Jeans
3;Fashion and Apparel;Knit Dress
3;Fashion and Apparel;Chelsea Boots
3;Fashion and Apparel;Lace-Up Boots
3;Fashion and Apparel;Trench Coat
3;Fashion and Apparel;Mock Neck Top
3;Fashion and Apparel;Distressed Jeans
3;Fashion and Apparel;Tube Top
3;Fashion and Apparel;Sweatpants
3;Fashion and Apparel;Varsity Jacket
3;Fashion and Apparel;Crop Top Hoodie
3;Fashion and Apparel;Sweater Vest
3;Fashion and Apparel;Denim Skirt
3;Fashion and Apparel;Silk Camisole
3;Fashion and Apparel;Printed Leggings
3;Fashion and Apparel;Mock Neck Dress
3;Fashion and Apparel;Bucket Hat
3;Fashion and Apparel;Peplum Top
3;Fashion and Apparel;Leather Skirt
3;Fashion and Apparel;Hooded Sweatshirt
3;Fashion and Apparel;Straw Hat
3;Fashion and Apparel;Pleated Skirt
3;Fashion and Apparel;Tube Dress
3;Fashion and Apparel;Cargo Pants
3;Fashion and Apparel;Flare Jeans
3;Fashion and Apparel;Sheath Dress
3;Fashion and Apparel;Fishnet Stockings
3;Fashion and Apparel;Flannel Shirt
3;Fashion and Apparel;Denim Overalls
3;Fashion and Apparel;Slingback Pumps
3;Fashion and Apparel;Wrap Skirt
3;Fashion and Apparel;Camisole Top
3;Fashion and Apparel;Linen Pants
3;Fashion and Apparel;Shift Skirt
3;Fashion and Apparel;Bell Sleeve Blouse
3;Fashion and Apparel;Slip Dress
3;Fashion and Apparel;Anorak Jacket
3;Fashion and Apparel;High-Low Hem Dress
3;Fashion and Apparel;Sweater Cape
3;Fashion and Apparel;Maxi Cardigan
3;Fashion and Apparel;Knit Skirt
3;Fashion and Apparel;Wrap Cardigan
3;Fashion and Apparel;Raincoat
3;Fashion and Apparel;Puff Sleeve Blouse
3;Fashion and Apparel;Culottes
3;Fashion and Apparel;Bucket Bag
3;Fashion and Apparel;Ribbed Sweater
3;Fashion and Apparel;Cowl Neck Sweater
3;Fashion and Apparel;Chiffon Blouse
3;Fashion and Apparel;Corset Top
3;Fashion and Apparel;Cropped Cardigan
3;Fashion and Apparel;Bow Tie Blouse
3;Fashion and Apparel;Faux Leather Leggings
3;Fashion and Apparel;Printed Blazer
3;Fashion and Apparel;Slouchy Boots
3;Fashion and Apparel;Shirtdress
3;Fashion and Apparel;Biker Boots
3;Fashion and Apparel;Patent Leather Pumps
3;Fashion and Apparel;Poncho Sweater
3;Fashion and Apparel;Ruffle Hem Skirt
3;Fashion and Apparel;Polka Dot Dress
3;Fashion and Apparel;Off-the-Shoulder Sweater
3;Fashion and Apparel;Floral Print Blouse
3;Fashion and Apparel;Embellished Jeans
3;Fashion and Apparel;Mock Neck Bodysuit
3;Fashion and Apparel;Slip-On Mules
3;Fashion and Apparel;Ballet Wrap Sweater
3;Fashion and Apparel;Square Neck Dress
3;Fashion and Apparel;Lace-Up Sandals
3;Fashion and Apparel;High-Low Maxi Dress
3;Fashion and Apparel;Tweed Jacket
3;Fashion and Apparel;Ruched Bodycon Dress
3;Fashion and Apparel;Cargo Jacket
3;Fashion and Apparel;Chunky Knit Sweater
3;Fashion and Apparel;Printed Maxi Dress
3;Fashion and Apparel;Mock Neck Crop Top
3;Fashion and Apparel;Tie-Dye Hoodie
3;Fashion and Apparel;Ankle Strap Heels
3;Fashion and Apparel;Suede Skirt
3;Fashion and Apparel;Lace-Up Booties
3;Fashion and Apparel;Open Back Top
3;Fashion and Apparel;Wrap Around Dress
3;Fashion and Apparel;Flared Sleeve Blouse
3;Fashion and Apparel;Striped Jumpsuit
3;Fashion and Apparel;Button-Front Skirt
3;Fashion and Apparel;Fisherman Sweater
3;Fashion and Apparel;Printed Midi Skirt
3;Fashion and Apparel;Halter Neck Top
3;Fashion and Apparel;Printed Wide-Leg Pants
3;Fashion and Apparel;Smocked Top
3;Fashion and Apparel;Convertible Backpack
3;Fashion and Apparel;Lace-Up Sneaker Boots
3;Fashion and Apparel;Ruffle Sleeve Blouse
3;Fashion and Apparel;Pleated Maxi Skirt
3;Fashion and Apparel;Knit Wrap Top
3;Fashion and Apparel;Ruffle Hem Dress
3;Fashion and Apparel;Floral Print Maxi Dress
3;Fashion and Apparel;Tie-Dye T-Shirt
3;Fashion and Apparel;Denim Pinafore Dress
3;Fashion and Apparel;Chunky Sole Sneakers
3;Fashion and Apparel;Off-the-Shoulder Jumpsuit
3;Fashion and Apparel;Asymmetrical Skirt
3;Fashion and Apparel;Printed Kimono
3;Fashion and Apparel;Button-Front Jumpsuit
3;Fashion and Apparel;Denim Midi Skirt
3;Fashion and Apparel;Lace-Up Ballet Flats
3;Fashion and Apparel;Printed Palazzo Pants
3;Fashion and Apparel;Embroidered Blouse
3;Fashion and Apparel;Mock Neck Sleeveless Top
3;Fashion and Apparel;Printed Trench Coat
3;Fashion and Apparel;Square Toe Boots
3;Fashion and Apparel;Longline Cardigan
3;Fashion and Apparel;Cropped Wide-Leg Pants
3;Fashion and Apparel;Sequin Top
4;Beauty and Personal Care;Moisturizing Face Cream
4;Beauty and Personal Care;Hydrating Facial Cleanser
4;Beauty and Personal Care;Exfoliating Scrub
4;Beauty and Personal Care;Anti-Aging Serum
4;Beauty and Personal Care;Sunscreen SPF 30
4;Beauty and Personal Care;Makeup Remover Wipes
4;Beauty and Personal Care;Hydrating Lip Balm
4;Beauty and Personal Care;Vitamin C Serum
4;Beauty and Personal Care;Clarifying Shampoo
4;Beauty and Personal Care;Deep Conditioning Hair Mask
4;Beauty and Personal Care;Anti-Dandruff Shampoo
4;Beauty and Personal Care;Tea Tree Oil Body Wash
4;Beauty and Personal Care;Argan Oil Hair Serum
4;Beauty and Personal Care;Charcoal Face Mask
4;Beauty and Personal Care;Acne Spot Treatment
4;Beauty and Personal Care;Retinol Night Cream
4;Beauty and Personal Care;Sulfate-Free Shampoo
4;Beauty and Personal Care;Alcohol-Free Toner
4;Beauty and Personal Care;Mineral Sunscreen
4;Beauty and Personal Care;Micellar Water
4;Beauty and Personal Care;Exfoliating Foot Peel
4;Beauty and Personal Care;Biotin Hair Growth Shampoo
4;Beauty and Personal Care;Hand Cream with Shea Butter
4;Beauty and Personal Care;Peppermint Essential Oil
4;Beauty and Personal Care;Moisturizing Body Lotion
4;Beauty and Personal Care;Teeth Whitening Kit
4;Beauty and Personal Care;Electric Toothbrush
4;Beauty and Personal Care;Charcoal Toothpaste
4;Beauty and Personal Care;Anti-Cellulite Cream
4;Beauty and Personal Care;Lavender Essential Oil
4;Beauty and Personal Care;Hyaluronic Acid Serum
4;Beauty and Personal Care;Jojoba Oil
4;Beauty and Personal Care;Makeup Setting Spray
4;Beauty and Personal Care;Almond Oil
4;Beauty and Personal Care;Argan Oil Shampoo
4;Beauty and Personal Care;Coconut Oil Hair Mask
4;Beauty and Personal Care;Detangling Hair Brush
4;Beauty and Personal Care;Eyelash Growth Serum
4;Beauty and Personal Care;Facial Massage Roller
4;Beauty and Personal Care;Hydrating Sheet Mask
4;Beauty and Personal Care;Exfoliating Body Scrub
4;Beauty and Personal Care;Hot Air Brush
4;Beauty and Personal Care;Collagen Peptides Powder
4;Beauty and Personal Care;Cold Pressed Castor Oil
4;Beauty and Personal Care;Curling Wand
4;Beauty and Personal Care;Anti-Aging Eye Cream
4;Beauty and Personal Care;Electric Razor for Women
4;Beauty and Personal Care;Cleansing Oil
4;Beauty and Personal Care;Bamboo Toothbrush
4;Beauty and Personal Care;Rosehip Oil
4;Beauty and Personal Care;Green Tea Face Mask
4;Beauty and Personal Care;Keratin Hair Treatment
4;Beauty and Personal Care;Body Oil Spray
4;Beauty and Personal Care;Blackhead Remover Mask
4;Beauty and Personal Care;Retinol Serum
4;Beauty and Personal Care;Silicone Face Brush
4;Beauty and Personal Care;Hydrating Gel Moisturizer
4;Beauty and Personal Care;Derma Roller
4;Beauty and Personal Care;Argan Oil Conditioner
4;Beauty and Personal Care;Lip Scrub
4;Beauty and Personal Care;Tea Tree Essential Oil
4;Beauty and Personal Care;Sleeping Mask
4;Beauty and Personal Care;Epsom Salt
4;Beauty and Personal Care;Cuticle Oil
4;Beauty and Personal Care;Eyebrow Growth Serum
4;Beauty and Personal Care;Squalane Oil
4;Beauty and Personal Care;Aloe Vera Gel
4;Beauty and Personal Care;Collagen Face Mask
4;Beauty and Personal Care;Sandalwood Essential Oil
4;Beauty and Personal Care;Body Butter
4;Beauty and Personal Care;Vitamin E Oil
4;Beauty and Personal Care;Bentonite Clay Mask
4;Beauty and Personal Care;Electric Facial Cleansing Brush
4;Beauty and Personal Care;Neem Oil
4;Beauty and Personal Care;Hydrating Face Mist
4;Beauty and Personal Care;Makeup Brush Set
4;Beauty and Personal Care;Moroccan Argan Oil
4;Beauty and Personal Care;Calming Lavender Pillow Mist
4;Beauty and Personal Care;Anti-Cellulite Massager
4;Beauty and Personal Care;Sulfate-Free Conditioner
4;Beauty and Personal Care;Olive Oil Hair Mask
4;Beauty and Personal Care;Shea Butter Soap
4;Beauty and Personal Care;Waterproof Mascara
4;Beauty and Personal Care;Foot Cream
4;Beauty and Personal Care;Hair Growth Shampoo
4;Beauty and Personal Care;Activated Charcoal Toothbrush
4;Beauty and Personal Care;Charcoal Peel-Off Mask
4;Beauty and Personal Care;Body Wash with Vitamin E
4;Beauty and Personal Care;Collagen Powder
4;Beauty and Personal Care;Electric Callus Remover
4;Beauty and Personal Care;Acne Body Wash
4;Beauty and Personal Care;Tea Tree Oil Shampoo
4;Beauty and Personal Care;Anti-Frizz Hair Serum
4;Beauty and Personal Care;Retinol Moisturizer
4;Beauty and Personal Care;Soy Wax Candles
4;Beauty and Personal Care;Brazilian Keratin Treatment
4;Beauty and Personal Care;Coconut Milk Shampoo
4;Beauty and Personal Care;Anti-Cellulite Oil
4;Beauty and Personal Care;Jojoba Oil for Hair
4;Beauty and Personal Care;Essential Oil Diffuser Bracelet
4;Beauty and Personal Care;Eucalyptus Essential Oil
4;Beauty and Personal Care;Cocoa Butter
4;Beauty and Personal Care;Hydrocolloid Acne Patches
4;Beauty and Personal Care;Tea Tree Oil Soap
4;Beauty and Personal Care;Black Seed Oil
4;Beauty and Personal Care;Argan Oil Hair Mask
4;Beauty and Personal Care;Bath Bombs Set
4;Beauty and Personal Care;Vitamin C Face Wash
4;Beauty and Personal Care;Electric Nail Drill
4;Beauty and Personal Care;Dead Sea Mud Mask
4;Beauty and Personal Care;Coconut Oil Pulling Kit
4;Beauty and Personal Care;Anti-Aging Neck Cream
4;Beauty and Personal Care;LED Face Mask
4;Beauty and Personal Care;Chamomile Essential Oil
4;Beauty and Personal Care;Biotin Supplement
4;Beauty and Personal Care;Teeth Whitening Pen
4;Beauty and Personal Care;Probiotic Skincare
4;Beauty and Personal Care;Mango Butter
4;Beauty and Personal Care;Aluminum-Free Deodorant
4;Beauty and Personal Care;Jojoba Oil for Face
4;Beauty and Personal Care;Exfoliating Body Brush
4;Beauty and Personal Care;Niacinamide Serum
4;Beauty and Personal Care;Dermaplaning Tool
4;Beauty and Personal Care;Acne Treatment Gel
4;Beauty and Personal Care;Anti-Cellulite Cupping Set
4;Beauty and Personal Care;Collagen Eye Masks
4;Beauty and Personal Care;Sulfate-Free Body Wash
4;Beauty and Personal Care;Rose Quartz Roller
4;Beauty and Personal Care;Hydrating Eye Cream
5;Health and Fitness;Protein Powder
5;Health and Fitness;Wireless Earbuds for Running
5;Health and Fitness;Yoga Mat
5;Health and Fitness;Resistance Bands Set
5;Health and Fitness;Blender Bottle
5;Health and Fitness;Foam Roller
5;Health and Fitness;Running Shoes
5;Health and Fitness;Smart Water Bottle
5;Health and Fitness;Adjustable Dumbbells
5;Health and Fitness;Activity Tracker
5;Health and Fitness;Running Belt
5;Health and Fitness;Compression Socks
5;Health and Fitness;Jump Rope
5;Health and Fitness;Exercise Ball
5;Health and Fitness;Weighted Jump Rope
5;Health and Fitness;Workout Gloves
5;Health and Fitness;Massage Gun
5;Health and Fitness;Pre-Workout Supplement
5;Health and Fitness;Post-Workout Recovery Drink
5;Health and Fitness;Running Hydration Vest
5;Health and Fitness;Wireless Headphones for Gym
5;Health and Fitness;Portable Blender
5;Health and Fitness;Adjustable Weight Bench
5;Health and Fitness;Elliptical Machine
5;Health and Fitness;Running Waist Pack
5;Health and Fitness;Resistance Loop Bands
5;Health and Fitness;Running Hydration Belt
5;Health and Fitness;Protein Bar
5;Health and Fitness;Exercise Bike
5;Health and Fitness;Running Hat
5;Health and Fitness;Weightlifting Belt
5;Health and Fitness;Knee Compression Sleeve
5;Health and Fitness;Sports Armband
5;Health and Fitness;Running Sunglasses
5;Health and Fitness;Running Gloves
5;Health and Fitness;Fitness Tracker with Heart Rate Monitor
5;Health and Fitness;Protein Shake Shaker
5;Health and Fitness;Running Headphones
5;Health and Fitness;Smartwatch for Fitness
5;Health and Fitness;Running Socks
5;Health and Fitness;Yoga Block
5;Health and Fitness;Running Armband
5;Health and Fitness;Resistance Tubes
5;Health and Fitness;Running Hydration Backpack
5;Health and Fitness;Running Jacket
5;Health and Fitness;Wireless Sport Earphones
5;Health and Fitness;Running Compression Socks
5;Health and Fitness;Fitness Dice
5;Health and Fitness;Ab Roller Wheel
5;Health and Fitness;Running Gaiters
5;Health and Fitness;Adjustable Kettlebell
5;Health and Fitness;Fitness Trampoline
5;Health and Fitness;Running GPS Watch
5;Health and Fitness;Yoga Strap
5;Health and Fitness;Resistance Bands for Legs and Butt
5;Health and Fitness;Running Shorts
5;Health and Fitness;Running Reflective Vest
5;Health and Fitness;Running Arm Sleeves
5;Health and Fitness;Running Compression Sleeves
5;Health and Fitness;Wireless Earbuds for Working Out
5;Health and Fitness;Hydration Belt for Running
5;Health and Fitness;Compression Arm Sleeves
5;Health and Fitness;Running Hydration Belt with Bottles
5;Health and Fitness;Adjustable Ankle Weights
5;Health and Fitness;Fitness Hula Hoop
5;Health and Fitness;Running Fuel Belt
5;Health and Fitness;Wireless Sport Headphones
5;Health and Fitness;Fitness Gloves
5;Health and Fitness;Running Hydration System
5;Health and Fitness;Foam Exercise Roller
5;Health and Fitness;Weighted Vest
5;Health and Fitness;Running Hydration Belt with Pouch
5;Health and Fitness;Running Hydration Belt with Water Bottles
5;Health and Fitness;Running Arm Band
5;Health and Fitness;Running Hydration Belt with Zipper Pockets
5;Health and Fitness;Running Hydration Belt with Phone Holder
5;Health and Fitness;Resistance Band Set with Handles
5;Health and Fitness;Running Arm Holder
5;Health and Fitness;Yoga Wheel
5;Health and Fitness;Fitness Journal
5;Health and Fitness;Running Vest
5;Health and Fitness;Fitness Bag
5;Health and Fitness;Running Hydration Pack
5;Health and Fitness;Running Waist Bag
5;Health and Fitness;Fitness Ring
5;Health and Fitness;Fitness Headband
5;Health and Fitness;Running Hydration Belt with Reflective Strips
5;Health and Fitness;Wireless Headphones for Running
5;Health and Fitness;Fitness Step
5;Health and Fitness;Yoga Towel
5;Health and Fitness;Fitness Tracker with Sleep Monitor
5;Health and Fitness;Running Hydration Belt with Bottle Holder
5;Health and Fitness;Fitness Resistance Bands
5;Health and Fitness;Fitness Tracker with Blood Pressure Monitor
5;Health and Fitness;Running Hydration Belt with Storage
5;Health and Fitness;Running Hydration Belt with Hydration Flask
5;Health and Fitness;Running Hydration Belt with Water Holder
5;Health and Fitness;Fitness Foam Roller
5;Health and Fitness;Running Hydration Belt with Adjustable Straps
5;Health and Fitness;Fitness Exercise Bands
5;Health and Fitness;Running Hydration Belt with Water Flask
5;Health and Fitness;Fitness Water Bottle
5;Health and Fitness;Fitness Stopwatch
5;Health and Fitness;Running Hydration Belt with Zipper Pouch
5;Health and Fitness;Fitness Skipping Rope
5;Health and Fitness;Running Hydration Belt with Water Flask Holder
5;Health and Fitness;Running Hydration Belt with Water Bottle Holder
5;Health and Fitness;Fitness Tracker with Pedometer
5;Health and Fitness;Running Hydration Belt with Pocket
5;Health and Fitness;Fitness Stepper
5;Health and Fitness;Fitness Sauna Suit
5;Health and Fitness;Fitness Resistance Bands with Handles
5;Health and Fitness;Fitness Pilates Ring
5;Health and Fitness;Running Hydration Belt with Zipper Pocket
5;Health and Fitness;Fitness Push-Up Bars
5;Health and Fitness;Fitness Power Tower
5;Health and Fitness;Fitness Exercise Ball
5;Health and Fitness;Fitness Dumbbell Set
5;Health and Fitness;Fitness Core Sliders
5;Health and Fitness;Fitness Ab Roller
5;Health and Fitness;Fitness Ankle Weights
5;Health and Fitness;Fitness Balance Pad
5;Health and Fitness;Fitness Barbell Set
5;Health and Fitness;Fitness Hand Grip
5;Health and Fitness;Fitness Hurdle
5;Health and Fitness;Fitness Jump Box
5;Health and Fitness;Fitness Kettlebell
5;Health and Fitness;Fitness Lat Pulldown Machine
5;Health and Fitness;Fitness Medicine Ball
5;Health and Fitness;Fitness Mini Trampoline
5;Health and Fitness;Fitness Parallettes
5;Health and Fitness;Fitness Pull-Up Bar
5;Health and Fitness;Fitness Resistance Bands with Door Anchor
5;Health and Fitness;Fitness Ring Light
5;Health and Fitness;Fitness Stability Ball
5;Health and Fitness;Fitness Tricep Rope
5;Health and Fitness;Fitness Wrist Wraps
5;Health and Fitness;Fitness Yoga Strap
5;Health and Fitness;Fitness Adjustable Bench
5;Health and Fitness;Fitness Aerobic Step
5;Health and Fitness;Fitness Agility Ladder
5;Health and Fitness;Fitness Battle Rope
5;Health and Fitness;Fitness Boxing Gloves
5;Health and Fitness;Fitness Chest Expander
5;Health and Fitness;Fitness Doorway Pull-Up Bar
5;Health and Fitness;Fitness Foam Roller Stick
5;Health and Fitness;Fitness Hand Grips
5;Health and Fitness;Fitness Inversion Table
5;Health and Fitness;Fitness Jump Rope
5;Health and Fitness;Fitness Lifting Straps
5;Health and Fitness;Fitness Massage Ball
5;Health and Fitness;Fitness Mini Stepper
5;Health and Fitness;Fitness Olympic Barbell
5;Health and Fitness;Fitness Power Cage
5;Health and Fitness;Fitness Power Rack
5;Health and Fitness;Fitness Pull-Up Dip Station
5;Health and Fitness;Fitness Push-Up Handles
5;Health and Fitness;Fitness Resistance Loop Bands
5;Health and Fitness;Fitness Resistance Tube
5;Health and Fitness;Fitness Rock Climbing Holds
5;Health and Fitness;Fitness Rowing Machine
5;Health and Fitness;Fitness Stability Disc
5;Health and Fitness;Fitness Suspension Trainer
5;Health and Fitness;Fitness Thigh Master
5;Health and Fitness;Fitness Training Mask
5;Health and Fitness;Fitness Vibration Plate
5;Health and Fitness;Fitness Wall Ball
5;Health and Fitness;Fitness Weighted Vest
5;Health and Fitness;Fitness Workout Bench
5;Health and Fitness;Fitness Yoga Block
5;Health and Fitness;Fitness Yoga Wheel
5;Health and Fitness;Fitness Exercise Mat
5;Health and Fitness;Fitness Hand Exerciser
5;Health and Fitness;Fitness Hand Squeeze Ball
5;Health and Fitness;Fitness Hex Dumbbell
6;Toys and Games;Board Game - Settlers of Catan
6;Toys and Games;Lego Classic Creative Bricks Set
6;Toys and Games;Action Figures - Marvel Avengers
6;Toys and Games;Puzzle - Ravensburger 1000 Pieces
6;Toys and Games;Barbie Dreamhouse
6;Toys and Games;Nerf N-Strike Elite Disruptor Blaster
6;Toys and Games;Remote Control Car
6;Toys and Games;Play-Doh Modeling Compound
6;Toys and Games;LEGO Star Wars Millennium Falcon
6;Toys and Games;Uno Card Game
6;Toys and Games;Hot Wheels Basic Car 50-Pack
6;Toys and Games;Funko Pop! Vinyl Figures
6;Toys and Games;Monopoly Board Game
6;Toys and Games;Crayola Inspiration Art Case
6;Toys and Games;Fisher-Price Rock-a-Stack
6;Toys and Games;Barbie Doll and Pet
6;Toys and Games;Beyblade Burst Evolution Starter Pack
6;Toys and Games;Banana Blast Game
6;Toys and Games;Connect 4 Board Game
6;Toys and Games;LEGO Duplo My First Number Train
6;Toys and Games;Twister Game
6;Toys and Games;Guess Who? Board Game
6;Toys and Games;LeapFrog Learning Tablet
6;Toys and Games;Fisher-Price Laugh & Learn Smart Stages Chair
6;Toys and Games;Playmobil Starter Pack
6;Toys and Games;Hatchimals Colleggtibles
6;Toys and Games;Hot Wheels Criss Cross Crash Track Set
6;Toys and Games;Marvel Legends Series Action Figures
6;Toys and Games;Nerf Fortnite AR-L Elite Dart Blaster
6;Toys and Games;Barbie Fashionistas Doll
6;Toys and Games;LEGO Technic Bugatti Chiron
6;Toys and Games;Funko Pop! Movie Moments
6;Toys and Games;Pictionary Game
6;Toys and Games;Play-Doh Kitchen Creations Ultimate Chef Set
6;Toys and Games;Monopoly Deal Card Game
6;Toys and Games;Melissa & Doug Deluxe Standing Art Easel
6;Toys and Games;HedBanz Game
6;Toys and Games;Fisher-Price Little People Caring for Animals Farm
6;Toys and Games;Beyblade Burst Turbo Slingshock Rail Rush Battle Set
6;Toys and Games;Hot Wheels Track Builder System
6;Toys and Games;UNO Attack Card Game
6;Toys and Games;LEGO Friends Heartlake City Amusement Pier
6;Toys and Games;Battleship Classic Board Game
6;Toys and Games;Hungry Hungry Hippos Game
6;Toys and Games;VTech KidiZoom Camera
6;Toys and Games;Fisher-Price Little People Big Helpers Home
6;Toys and Games;Pokemon TCG: Detective Pikachu Case File
6;Toys and Games;LEGO City Space Mars Research Shuttle
6;Toys and Games;Funko Pop! Animation Figures
6;Toys and Games;Nerf Rival Phantom Corps Kronos XVIII-500
6;Toys and Games;Barbie Glam Convertible
6;Toys and Games;LEGO Juniors Jurassic World T. rex Breakout
6;Toys and Games;Hot Wheels Super Speed Blastway Track Set
6;Toys and Games;Snap Circuits Jr. SC-100 Electronics Exploration Kit
6;Toys and Games;Bananagrams Word Game
6;Toys and Games;Crayola Washable Watercolors
6;Toys and Games;Simon Electronic Memory Game
6;Toys and Games;Play-Doh Sweet Shoppe Cookie Creations
6;Toys and Games;LEGO Ninjago Masters of Spinjitzu
6;Toys and Games;Funko Pop! Games Figures
6;Toys and Games;Monopoly Cheaters Edition Board Game
6;Toys and Games;Marvel Avengers Titan Hero Series Action Figures
6;Toys and Games;Uno Attack MegaHit Card Game
6;Toys and Games;Melissa & Doug Wooden Jigsaw Puzzles in a Box
6;Toys and Games;Hatchimals CollEGGtibles 12-Pack
6;Toys and Games;Hot Wheels Corkscrew Crash Track Set
6;Toys and Games;Bop It! Electronic Game
6;Toys and Games;Nerf N-Strike Elite Triad EX-3 Blaster
6;Toys and Games;Barbie Dreamtopia Rainbow Lights Mermaid Doll
6;Toys and Games;LEGO Star Wars Advent Calendar
6;Toys and Games;Funko Pop! Television Figures
6;Toys and Games;Connect 4 Shots Game
6;Toys and Games;LEGO Classic Creative Suitcase
6;Toys and Games;Play-Doh Doctor Drill 'n Fill Set
6;Toys and Games;Baby Alive Super Snacks Snackin' Luke
6;Toys and Games;Beyblade Burst Turbo Championship Clash Battle Set
6;Toys and Games;Hot Wheels Monster Trucks
6;Toys and Games;Monopoly Fortnite Edition Board Game
6;Toys and Games;Marvel Legends Series Infinity Gauntlet Articulated Electronic Fist
6;Toys and Games;Uno Flip Card Game
6;Toys and Games;Melissa & Doug Deluxe Pounding Bench
6;Toys and Games;Hungry Hungry Hippos Launchers Game
6;Toys and Games;VTech Smart Shots Sports Center
6;Toys and Games;Fisher-Price Little People Disney Princess Figures
6;Toys and Games;LEGO Classic Large Creative Brick Box
6;Toys and Games;Nerf N-Strike Elite SurgeFire Blaster
6;Toys and Games;Barbie Fashionistas Ultimate Closet
6;Toys and Games;LEGO City Police Mobile Command Center
6;Toys and Games;Funko Pop! Harry Potter Figures
6;Toys and Games;Pictionary Air Drawing Game
6;Toys and Games;Play-Doh Kitchen Creations Ice Cream Set
6;Toys and Games;Battleship Grab and Go Game
6;Toys and Games;Hatchimals Mystery
6;Toys and Games;Snap Circuits Pro SC-500 Electronics Exploration Kit
6;Toys and Games;Simon Swipe Game
6;Toys and Games;LEGO Marvel Avengers Iron Man Hall of Armor
6;Toys and Games;Yo-Yo
6;Toys and Games;Hot Wheels Super Speed Blastway
7;Home Appliances;Robot Vacuum Cleaner
7;Home Appliances;Air Purifier
7;Home Appliances;Instant Pot
7;Home Appliances;Smart Thermostat
7;Home Appliances;Smart Doorbell
7;Home Appliances;Electric Kettle
7;Home Appliances;Coffee Maker
7;Home Appliances;Blender
7;Home Appliances;Toaster Oven
7;Home Appliances;Food Processor
7;Home Appliances;Slow Cooker
7;Home Appliances;Steam Iron
7;Home Appliances;Handheld Vacuum Cleaner
7;Home Appliances;Stand Mixer
7;Home Appliances;Portable Air Conditioner
7;Home Appliances;Refrigerator
7;Home Appliances;Washing Machine
7;Home Appliances;Dishwasher
7;Home Appliances;Microwave Oven
7;Home Appliances;Induction Cooktop
7;Home Appliances;Espresso Machine
7;Home Appliances;Juicer
7;Home Appliances;Countertop Blender
7;Home Appliances;Clothes Dryer
7;Home Appliances;Canister Vacuum Cleaner
7;Home Appliances;Window Air Conditioner
7;Home Appliances;Cordless Stick Vacuum
7;Home Appliances;Dehumidifier
7;Home Appliances;Coffee Grinder
7;Home Appliances;Smart Light Bulbs
7;Home Appliances;Robot Lawn Mower
7;Home Appliances;Smart Lock
7;Home Appliances;Smart Plug
7;Home Appliances;Robotic Window Cleaner
7;Home Appliances;Smart Smoke Detector
7;Home Appliances;Smart Security Camera
7;Home Appliances;Smart Light Switch
7;Home Appliances;Smart Power Strip
7;Home Appliances;Smart Speaker
7;Home Appliances;Smart TV
7;Home Appliances;Smart Refrigerator
7;Home Appliances;Smart Washing Machine
7;Home Appliances;Smart Dishwasher
7;Home Appliances;Smart Microwave Oven
7;Home Appliances;Smart Coffee Maker
7;Home Appliances;Smart Oven
7;Home Appliances;Smart Air Purifier
7;Home Appliances;Smart Ceiling Fan
7;Home Appliances;Smart Humidifier
7;Home Appliances;Smart Garbage Disposal
7;Home Appliances;Smart Water Heater
7;Home Appliances;Smart Blender
7;Home Appliances;Smart Toaster Oven
7;Home Appliances;Smart Vacuum Sealer
7;Home Appliances;Smart Trash Can
7;Home Appliances;Smart Wine Cooler
7;Home Appliances;Smart Rice Cooker
7;Home Appliances;Smart Meat Thermometer
7;Home Appliances;Smart Electric Grill
7;Home Appliances;Smart Sous Vide Precision Cooker
7;Home Appliances;Smart Deep Fryer
7;Home Appliances;Smart Ice Cream Maker
7;Home Appliances;Smart Food Steamer
7;Home Appliances;Smart Popcorn Maker
7;Home Appliances;Smart Egg Cooker
7;Home Appliances;Smart Waffle Maker
7;Home Appliances;Smart Bread Maker
7;Home Appliances;Smart Yogurt Maker
7;Home Appliances;Smart Air Fryer
7;Home Appliances;Smart Coffee Grinder
7;Home Appliances;Smart Tea Kettle
7;Home Appliances;Smart Hand Mixer
7;Home Appliances;Smart Food Dehydrator
7;Home Appliances;Smart Electric Griddle
7;Home Appliances;Smart Immersion Blender
7;Home Appliances;Smart Food Scale
7;Home Appliances;Smart Countertop Burner
7;Home Appliances;Smart Espresso Machine
7;Home Appliances;Smart Milk Frother
7;Home Appliances;Smart Vacuum Insulated Bottle
7;Home Appliances;Smart Food Warmer
7;Home Appliances;Smart Electric Can Opener
7;Home Appliances;Smart Ice Maker
7;Home Appliances;Smart Citrus Juicer
7;Home Appliances;Smart Food Chopper
7;Home Appliances;Smart Electric Knife
7;Home Appliances;Smart Spice Grinder
7;Home Appliances;Smart Electric Smoker
7;Home Appliances;Smart Pasta Maker
7;Home Appliances;Smart Panini Press
7;Home Appliances;Smart Kitchen Scale
7;Home Appliances;Smart Multi-Cooker
7;Home Appliances;Smart Hot Water Dispenser
7;Home Appliances;Smart Food Processor
7;Home Appliances;Smart Handheld Blender
7;Home Appliances;Smart Portable Grill
7;Home Appliances;Smart Electric Tea Kettle
7;Home Appliances;Smart Mini Fridge
7;Home Appliances;Smart Beverage Cooler
7;Home Appliances;Smart Compact Freezer
7;Home Appliances;Smart Dish Drying Rack
7;Home Appliances;Smart Trash Compactor
7;Home Appliances;Smart Laundry Hamper
7;Home Appliances;Smart Clothing Steamer
7;Home Appliances;Smart Electric Fireplace
7;Home Appliances;Smart Garment Steamer
7;Home Appliances;Smart Window Fan
7;Home Appliances;Smart Air Cooler
7;Home Appliances;Smart Ice Cream Freezer
7;Home Appliances;Smart Electric Wine Opener
7;Home Appliances;Smart Food Vacuum Sealer
7;Home Appliances;Smart Cordless Handheld Vacuum
7;Home Appliances;Smart Robotic Vacuum and Mop
7;Home Appliances;Smart Lawn Mower
7;Home Appliances;Smart Snow Blower
7;Home Appliances;Smart Pressure Washer
7;Home Appliances;Smart Outdoor Grill
7;Home Appliances;Smart Sprinkler Controller
7;Home Appliances;Smart Pool Cleaner
7;Home Appliances;Smart Garage Door Opener
7;Home Appliances;Smart Blinds
7;Home Appliances;Smart Curtain Rod
7;Home Appliances;Smart Door Lock
7;Home Appliances;Smart Water Leak Detector
7;Home Appliances;Smart Dehumidifier
7;Home Appliances;Smart Bathroom Scale
7;Home Appliances;Smart Blood Pressure Monitor
7;Home Appliances;Smart Body Composition Analyzer
7;Home Appliances;Smart Sleep Tracker
7;Home Appliances;Smart Thermometer
7;Home Appliances;Smart Baby Monitor
7;Home Appliances;Smart Video Doorbell
7;Home Appliances;Smart Motion Sensor
7;Home Appliances;Smart Door and Window Sensor
7;Home Appliances;Smart Smoke and Carbon Monoxide Detector
7;Home Appliances;Smart Water Sensor
7;Home Appliances;Smart Air Quality Monitor
7;Home Appliances;Smart Radon Detector
7;Home Appliances;Smart Garage Door Sensor
7;Home Appliances;Smart Plant Monitor
7;Home Appliances;Smart Pet Feeder
7;Home Appliances;Smart Pet Camera
7;Home Appliances;Smart Cat Litter Box
7;Home Appliances;Smart Dog Collar
7;Home Appliances;Smart Fish Tank
7;Home Appliances;Smart Bird Feeder
7;Home Appliances;Smart Recliner
7;Home Appliances;Smart Mattress
7;Home Appliances;Smart Pillow
7;Home Appliances;Smart Nightstand
7;Home Appliances;Smart Mirror
7;Home Appliances;Smart Wardrobe
7;Home Appliances;Smart Toaster
7;Home Appliances;Smart Slow Cooker
7;Home Appliances;Smart Electric Kettle
7;Home Appliances;Smart Countertop Oven
7;Home Appliances;Smart Induction Cooktop
7;Home Appliances;Smart Stand Mixer
7;Home Appliances;Smart Juicer
7;Home Appliances;Smart Electric Hand Mixer
7;Home Appliances;Smart Electric Toaster Oven
7;Home Appliances;Smart Compact Refrigerator
7;Home Appliances;Smart Chest Freezer
7;Home Appliances;Smart Countertop Dishwasher
7;Home Appliances;Smart Clothes Dryer
7;Home Appliances;Smart Vacuum Cleaner
7;Home Appliances;Smart Lighting System
7;Home Appliances;Smart Window Blinds
7;Home Appliances;Smart Irrigation System
7;Home Appliances;Smart Home Hub
7;Home Appliances;Smart Outdoor Camera
7;Home Appliances;Smart Carbon Monoxide Detector
7;Home Appliances;Smart Door Sensor
7;Home Appliances;Smart Window Sensor
7;Home Appliances;Smart Home Security System
7;Home Appliances;Smart Home Automation Kit
7;Home Appliances;Smart Universal Remote
7;Home Appliances;Smart Smoke and CO Alarm
7;Home Appliances;Smart Window Curtain
7;Home Appliances;Smart LED Strip
7;Home Appliances;Smart Ceiling Light
7;Home Appliances;Smart Desk Lamp
7;Home Appliances;Smart Wall Switch
7;Home Appliances;Smart Dimmer Switch
7;Home Appliances;Smart Outdoor Light
7;Home Appliances;Smart Floodlight
7;Home Appliances;Smart Motion Sensor Light
7;Home Appliances;Smart Night Light
7;Home Appliances;Smart Doorbell Camera
7;Home Appliances;Smart Outdoor Security Camera
7;Home Appliances;Smart Indoor Security Camera
7;Home Appliances;Smart Flood Sensor
7;Home Appliances;Smart Home Alarm System
7;Home Appliances;Smart Doorbell Chime
7;Home Appliances;Smart Doorbell Transformer
7;Home Appliances;Smart Doorbell Mount
7;Home Appliances;Smart Doorbell Battery
7;Home Appliances;Smart Doorbell Cover
7;Home Appliances;Smart Doorbell Angle Mount
7;Home Appliances;Smart Doorbell Screwdriver
7;Home Appliances;Smart Doorbell Extension Kit
7;Home Appliances;Smart Doorbell Plate
7;Home Appliances;Smart Doorbell Power Supply
7;Home Appliances;Smart Doorbell Mounting Bracket
7;Home Appliances;Smart Doorbell Cable
7;Home Appliances;Smart Doorbell Wedge Kit
7;Home Appliances;Smart Doorbell Weatherproof Cover
7;Home Appliances;Smart Doorbell Housing
7;Home Appliances;Smart Doorbell Screw Pack
7;Home Appliances;Smart Doorbell Corner Kit
7;Home Appliances;Smart Doorbell Latch
7;Home Appliances;Smart Doorbell Level
7;Home Appliances;Smart Doorbell Power Adapter
7;Home Appliances;Smart Doorbell Spacer
7;Home Appliances;Smart Doorbell Mounting Plate
7;Home Appliances;Smart Doorbell Security Screw
7;Home Appliances;Smart Doorbell Release Tool
7;Home Appliances;Smart Doorbell Wall Plate
7;Home Appliances;Smart Doorbell Wire
7;Home Appliances;Smart Doorbell Wire Cover
7;Home Appliances;Smart Doorbell Wire Extension Kit
7;Home Appliances;Smart Doorbell Wire Connector
7;Home Appliances;Smart Doorbell Wire Nuts
7;Home Appliances;Smart Doorbell Wire Protector
7;Home Appliances;Smart Doorbell Wire Holder
7;Home Appliances;Smart Doorbell Wire Wrap
7;Home Appliances;Smart Doorbell Wire Splice Kit
7;Home Appliances;Smart Doorbell Wire Clips
7;Home Appliances;Smart Doorbell Wire Sleeve
7;Home Appliances;Smart Doorbell Wire Grommet
7;Home Appliances;Smart Doorbell Wire Staples
7;Home Appliances;Smart Doorbell Wire Clamp
7;Home Appliances;Smart Doorbell Wire Channel
7;Home Appliances;Smart Doorbell Wire Bushing
7;Home Appliances;Smart Doorbell Wire Organizer
7;Home Appliances;Smart Doorbell Wire Kit
7;Home Appliances;Smart Doorbell Wire Concealer
7;Home Appliances;Smart Doorbell Wire Protector Box
7;Home Appliances;Smart Doorbell Wire Guard
7;Home Appliances;Smart Doorbell Wire Fastener
7;Home Appliances;Smart Doorbell Wire Holder Clips
7;Home Appliances;Smart Doorbell Wire Strain Relief
7;Home Appliances;Smart Doorbell Wire Retainer
7;Home Appliances;Smart Doorbell Wire Sleeve Protector
7;Home Appliances;Smart Doorbell Wire Loop
7;Home Appliances;Smart Doorbell Wire Lock
7;Home Appliances;Smart Doorbell Wire Joint
7;Home Appliances;Smart Doorbell Wire Cover Plate
7;Home Appliances;Smart Doorbell Wire Hook
7;Home Appliances;Smart Doorbell Wire Bracket
7;Home Appliances;Smart Doorbell Wire Organizer Box
7;Home Appliances;Smart Doorbell Wire Gasket
7;Home Appliances;Smart Doorbell Wire Connector Box
7;Home Appliances;Smart Doorbell Wire Mount
8;Books and Stationery;Harry Potter and the Philosopher's Stone
8;Books and Stationery;The Hunger Games
8;Books and Stationery;To Kill a Mockingbird
8;Books and Stationery;1984
8;Books and Stationery;The Great Gatsby
8;Books and Stationery;The Catcher in the Rye
8;Books and Stationery;Pride and Prejudice
8;Books and Stationery;The Hobbit
8;Books and Stationery;The Lord of the Rings
8;Books and Stationery;The Da Vinci Code
8;Books and Stationery;The Chronicles of Narnia
8;Books and Stationery;The Alchemist
8;Books and Stationery;The Girl with the Dragon Tattoo
8;Books and Stationery;Gone with the Wind
8;Books and Stationery;The Shining
8;Books and Stationery;The Fault in Our Stars
8;Books and Stationery;The Maze Runner
8;Books and Stationery;The Kite Runner
8;Books and Stationery;The Book Thief
8;Books and Stationery;The Lovely Bones
8;Books and Stationery;The Help
8;Books and Stationery;The Road
8;Books and Stationery;The Girl on the Train
8;Books and Stationery;The Stand
8;Books and Stationery;Eleanor Oliphant Is Completely Fine
8;Books and Stationery;Becoming
8;Books and Stationery;Where the Crawdads Sing
8;Books and Stationery;Educated
8;Books and Stationery;Circe
8;Books and Stationery;The Silent Patient
8;Books and Stationery;A Man Called Ove
8;Books and Stationery;The Nightingale
8;Books and Stationery;The Goldfinch
8;Books and Stationery;The Tattooist of Auschwitz
8;Books and Stationery;The Testaments
8;Books and Stationery;Dune
8;Books and Stationery;Sapiens: A Brief History of Humankind
8;Books and Stationery;Atomic Habits
8;Books and Stationery;Bad Blood
8;Books and Stationery;Bossypants
8;Books and Stationery;Born a Crime
8;Books and Stationery;The Immortal Life of Henrietta Lacks
8;Books and Stationery;The Subtle Art of Not Giving a F*ck
8;Books and Stationery;Girl, Wash Your Face
8;Books and Stationery;You Are a Badass
8;Books and Stationery;The 7 Habits of Highly Effective People
8;Books and Stationery;How to Win Friends and Influence People
8;Books and Stationery;The Power of Habit
8;Books and Stationery;Thinking, Fast and Slow
8;Books and Stationery;The Four Agreements
8;Books and Stationery;The Life-Changing Magic of Tidying Up
8;Books and Stationery;The Secret
8;Books and Stationery;The Art of War
8;Books and Stationery;The 48 Laws of Power
8;Books and Stationery;The Gifts of Imperfection
8;Books and Stationery;The Power of Now
8;Books and Stationery;Man's Search for Meaning
8;Books and Stationery;The Outsiders
8;Books and Stationery;Fahrenheit 451
8;Books and Stationery;Brave New World
8;Books and Stationery;Slaughterhouse-Five
8;Books and Stationery;One Hundred Years of Solitude
8;Books and Stationery;The Brothers Karamazov
8;Books and Stationery;Crime and Punishment
8;Books and Stationery;The Count of Monte Cristo
8;Books and Stationery;Les Mis√©rables
8;Books and Stationery;Wuthering Heights
8;Books and Stationery;Jane Eyre
8;Books and Stationery;Great Expectations
8;Books and Stationery;Anna Karenina
8;Books and Stationery;War and Peace
8;Books and Stationery;Moby-Dick
8;Books and Stationery;The Odyssey
8;Books and Stationery;The Iliad
8;Books and Stationery;Aeneid
8;Books and Stationery;The Divine Comedy
8;Books and Stationery;Paradise Lost
8;Books and Stationery;Beowulf
8;Books and Stationery;The Canterbury Tales
8;Books and Stationery;Don Quixote
8;Books and Stationery;The Three Musketeers
8;Books and Stationery;The Picture of Dorian Gray
8;Books and Stationery;Dracula
8;Books and Stationery;Frankenstein
8;Books and Stationery;The Strange Case of Dr Jekyll and Mr Hyde
8;Books and Stationery;The War of the Worlds
8;Books and Stationery;The Time Machine
8;Books and Stationery;Animal Farm
8;Books and Stationery;The Handmaid's Tale
8;Books and Stationery;Neuromancer
8;Books and Stationery;Snow Crash
8;Books and Stationery;Foundation
8;Books and Stationery;The Left Hand of Darkness
8;Books and Stationery;Hyperion
8;Books and Stationery;Altered Carbon
8;Books and Stationery;Divergent
8;Books and Stationery;The Giver
8;Books and Stationery;The Selection
8;Books and Stationery;Red Queen
8;Books and Stationery;Legend
8;Books and Stationery;To All the Boys I've Loved Before
8;Books and Stationery;The Perks of Being a Wallflower
8;Books and Stationery;Me Before You
8;Books and Stationery;The Notebook
8;Books and Stationery;Sense and Sensibility
8;Books and Stationery;Northanger Abbey
8;Books and Stationery;Emma
8;Books and Stationery;Winnie-the-Pooh
8;Books and Stationery;The Tale of Peter Rabbit
8;Books and Stationery;Alice's Adventures in Wonderland
8;Books and Stationery;The Wind in the Willows
8;Books and Stationery;The Secret Garden
8;Books and Stationery;The Little Engine That Could
8;Books and Stationery;Where the Wild Things Are
8;Books and Stationery;Goodnight Moon
8;Books and Stationery;Brown Bear, Brown Bear, What Do You See?
8;Books and Stationery;The Very Hungry Caterpillar
8;Books and Stationery;Guess How Much I Love You
8;Books and Stationery;Are You My Mother?
8;Books and Stationery;Green Eggs and Ham
8;Books and Stationery;The Cat in the Hat
8;Books and Stationery;Horton Hears a Who!
8;Books and Stationery;One Fish, Two Fish, Red Fish, Blue Fish
8;Books and Stationery;Oh, the Places You'll Go!
8;Books and Stationery;Harry Potter and the Chamber of Secrets
8;Books and Stationery;Harry Potter and the Prisoner of Azkaban
8;Books and Stationery;Harry Potter and the Goblet of Fire
8;Books and Stationery;Harry Potter and the Order of the Phoenix
8;Books and Stationery;Harry Potter and the Half-Blood Prince
8;Books and Stationery;Harry Potter and the Deathly Hallows
8;Books and Stationery;The Fellowship of the Ring
8;Books and Stationery;The Two Towers
8;Books and Stationery;The Return of the King
8;Books and Stationery;The Lion, the Witch and the Wardrobe
8;Books and Stationery;Prince Caspian
8;Books and Stationery;The Horse and His Boy
8;Books and Stationery;The Silver Chair
8;Books and Stationery;The Last Battle
8;Books and Stationery;Veronika Decides to Die
8;Books and Stationery;By the River Piedra I Sat Down and Wept
8;Books and Stationery;The Zahir
8;Books and Stationery;Brida
8;Books and Stationery;The Girl Who Played with Fire
8;Books and Stationery;The Girl Who Kicked the Hornet's Nest
8;Books and Stationery;Catching Fire
8;Books and Stationery;Mockingjay
8;Books and Stationery;Go Set a Watchman
8;Books and Stationery;Tender Is the Night
8;Books and Stationery;The Beautiful and Damned
8;Books and Stationery;This Side of Paradise
8;Books and Stationery;Franny and Zooey
8;Books and Stationery;Nine Stories
8;Books and Stationery;Raise High the Roof Beam, Carpenters
8;Books and Stationery;Seymour: An Introduction
8;Books and Stationery;Mansfield Park
8;Books and Stationery;Persuasion
8;Books and Stationery;The Aeneid
8;Books and Stationery;Inferno
8;Books and Stationery;Purgatorio
8;Books and Stationery;Paradiso
8;Books and Stationery;Sir Gawain and the Green Knight
8;Books and Stationery;Le Morte d'Arthur
8;Books and Stationery;The Decameron
8;Books and Stationery;Love in the Time of Cholera
8;Books and Stationery;Chronicle of a Death Foretold
8;Books and Stationery;The Autumn of the Patriarch
8;Books and Stationery;The Idiot
8;Books and Stationery;The Gambler
8;Books and Stationery;The Devils
8;Books and Stationery;Twenty Years After
9;Automotive Accessories;Car Phone Mount
9;Automotive Accessories;Bluetooth Car Kit
9;Automotive Accessories;Car Air Freshener
9;Automotive Accessories;Car Seat Covers
9;Automotive Accessories;Car Floor Mats
9;Automotive Accessories;Car Sunshade
9;Automotive Accessories;Car Organizer
9;Automotive Accessories;Car Charger
9;Automotive Accessories;Car Jump Starter
9;Automotive Accessories;Car Battery Charger
9;Automotive Accessories;Car Vacuum Cleaner
9;Automotive Accessories;Car Trash Can
9;Automotive Accessories;Car Dash Cam
9;Automotive Accessories;Car Steering Wheel Cover
9;Automotive Accessories;Car Windshield Wipers
9;Automotive Accessories;Car Roof Rack
9;Automotive Accessories;Car Bike Rack
9;Automotive Accessories;Car Cargo Box
9;Automotive Accessories;Car Hitch Cover
9;Automotive Accessories;Car Spoiler
9;Automotive Accessories;Car Window Tint
9;Automotive Accessories;Car Paint Protection Film
9;Automotive Accessories;Car Cover
9;Automotive Accessories;Car Emergency Kit
9;Automotive Accessories;Car First Aid Kit
9;Automotive Accessories;Car Tool Kit
9;Automotive Accessories;Car Fire Extinguisher
9;Automotive Accessories;Car Jack
9;Automotive Accessories;Car Tire Inflator
9;Automotive Accessories;Car Tire Pressure Gauge
9;Automotive Accessories;Car Seat Cushion
9;Automotive Accessories;Car Neck Pillow
9;Automotive Accessories;Car Back Support
9;Automotive Accessories;Car Lumbar Support
9;Automotive Accessories;Car Neck Rest
9;Automotive Accessories;Car Seat Gap Filler
9;Automotive Accessories;Car Armrest Cushion
9;Automotive Accessories;Car Cup Holder
9;Automotive Accessories;Car Storage Box
9;Automotive Accessories;Car Key Organizer
9;Automotive Accessories;Car Key Holder
9;Automotive Accessories;Car Keychain
9;Automotive Accessories;Car Sun Visor Organizer
9;Automotive Accessories;Car Trunk Organizer
9;Automotive Accessories;Car Backseat Organizer
9;Automotive Accessories;Car Sunglasses Holder
9;Automotive Accessories;Car CD Organizer
9;Automotive Accessories;Car Paper Organizer
9;Automotive Accessories;Car Document Holder
9;Automotive Accessories;Car Visor Extender
9;Automotive Accessories;Car Headrest Hook
9;Automotive Accessories;Car Seat Hanger
9;Automotive Accessories;Car Seat Gap Organizer
9;Automotive Accessories;Car Seat Side Pocket
9;Automotive Accessories;Car Seat Protector
9;Automotive Accessories;Car Seat Back Protector
9;Automotive Accessories;Car Door Edge Guard
9;Automotive Accessories;Car Door Sill Protector
9;Automotive Accessories;Car Door Handle Cover
9;Automotive Accessories;Car Window Shade
9;Automotive Accessories;Car Side Mirror Cover
9;Automotive Accessories;Car Side Skirt
9;Automotive Accessories;Car Fender Flares
9;Automotive Accessories;Car License Plate Frame
9;Automotive Accessories;Car License Plate Cover
9;Automotive Accessories;Car License Plate Holder
9;Automotive Accessories;Car License Plate Bracket
9;Automotive Accessories;Car License Plate Lights
9;Automotive Accessories;Car Hood Scoop
9;Automotive Accessories;Car Hood Deflector
9;Automotive Accessories;Car Hood Latch
9;Automotive Accessories;Car Hood Ornament
9;Automotive Accessories;Car Bumper Guard
9;Automotive Accessories;Car Bumper Protector
9;Automotive Accessories;Car Bumper Lip
9;Automotive Accessories;Car Bumper Cover
9;Automotive Accessories;Car Roof Rails
9;Automotive Accessories;Car Roof Basket
9;Automotive Accessories;Car Roof Bag
9;Automotive Accessories;Car Roof Tent
9;Automotive Accessories;Car Roof Rack Cross Bars
9;Automotive Accessories;Car Roof Rack Mount Kit
9;Automotive Accessories;Car Roof Rack System
9;Automotive Accessories;Car Roof Rack Accessories
9;Automotive Accessories;Car Roof Rack Rails
9;Automotive Accessories;Car Roof Rack Cargo Carrier
9;Automotive Accessories;Car Roof Rack Ladder
9;Automotive Accessories;Car Roof Rack Fairing
9;Automotive Accessories;Car Roof Rack Bike Carrier
9;Automotive Accessories;Car Roof Rack Ski Carrier
9;Automotive Accessories;Car Roof Rack Kayak Carrier
9;Automotive Accessories;Car Roof Rack Snowboard Carrier
9;Automotive Accessories;Car Roof Rack Fishing Rod Carrier
9;Automotive Accessories;Car Roof Rack Surfboard Carrier
9;Automotive Accessories;Car Roof Rack Cargo Box
9;Automotive Accessories;Car Roof Rack Cargo Bag
9;Automotive Accessories;Car Roof Rack Cargo Net
9;Automotive Accessories;Car Roof Rack Cargo Tray
9;Automotive Accessories;Car Roof Rack Cargo Basket
9;Automotive Accessories;Car Roof Rack Cargo Organizer
9;Automotive Accessories;Car Roof Rack Cargo Divider
9;Automotive Accessories;Car Roof Rack Cargo Extension
9;Automotive Accessories;Car Roof Rack Cargo Platform
9;Automotive Accessories;Car Roof Rack Cargo Mat
9;Automotive Accessories;Car Roof Rack Cargo Rack
9;Automotive Accessories;Car Roof Rack Cargo Shelf
9;Automotive Accessories;Car Roof Rack Cargo Drawer
9;Automotive Accessories;Car Roof Rack Cargo System
9;Automotive Accessories;Car Roof Rack Cargo Cover
9;Automotive Accessories;Car Roof Rack Cargo Storage
9;Automotive Accessories;Car Roof Rack Cargo Sleeper
9;Automotive Accessories;Car Roof Rack Cargo Holder
9;Automotive Accessories;Car Roof Rack Cargo Carrier Bag
9;Automotive Accessories;Car Roof Rack Cargo Carrier Box
9;Automotive Accessories;Car Roof Rack Cargo Carrier Tray
9;Automotive Accessories;Car Roof Rack Cargo Carrier Platform
9;Automotive Accessories;Car Roof Rack Cargo Carrier Extension
9;Automotive Accessories;Car Roof Rack Cargo Carrier Basket
9;Automotive Accessories;Car Roof Rack Cargo Carrier Net
9;Automotive Accessories;Car Roof Rack Cargo Carrier Organizer
9;Automotive Accessories;Car Roof Rack Cargo Carrier Divider
9;Automotive Accessories;Car Roof Rack Cargo Carrier Strap
9;Automotive Accessories;Car Roof Rack Cargo Carrier Tie Down
9;Automotive Accessories;Car Roof Rack Cargo Carrier Mount
9;Automotive Accessories;Car Roof Rack Cargo Carrier Lock
9;Automotive Accessories;Car Roof Rack Cargo Carrier Seal
9;Automotive Accessories;Car Roof Rack Cargo Carrier Cap
9;Automotive Accessories;Car Roof Rack Cargo Carrier Plug
9;Automotive Accessories;Car Roof Rack Cargo Carrier Flare
9;Automotive Accessories;Car Roof Rack Cargo Carrier Trim
9;Automotive Accessories;Car Roof Rack Cargo Carrier Liner
9;Automotive Accessories;Car Roof Rack Cargo Carrier Shield
9;Automotive Accessories;Car Roof Rack Cargo Carrier Brace
9;Automotive Accessories;Car Roof Rack Cargo Carrier Base
9;Automotive Accessories;Car Roof Rack Cargo Carrier End Cap
9;Automotive Accessories;Car Roof Rack Cargo Carrier Latch
9;Automotive Accessories;Car Roof Rack Cargo Carrier Handle
9;Automotive Accessories;Car Roof Rack Cargo Carrier Spring
9;Automotive Accessories;Car Roof Rack Cargo Carrier Support
9;Automotive Accessories;Car Roof Rack Cargo Carrier Bar
9;Automotive Accessories;Car Roof Rack Cargo Carrier Holder
9;Automotive Accessories;Car Roof Rack Cargo Carrier Pin
9;Automotive Accessories;Car Roof Rack Cargo Carrier Anchor
9;Automotive Accessories;Car Roof Rack Cargo Carrier Guide
9;Automotive Accessories;Car Roof Rack Cargo Carrier Plate
9;Automotive Accessories;Car Roof Rack Cargo Carrier Plate Holder
9;Automotive Accessories;Car Roof Rack Cargo Carrier Rack
9;Automotive Accessories;Car Roof Rack Cargo Carrier Rack Mount
9;Automotive Accessories;Car Roof Rack Cargo Carrier Rack System
9;Automotive Accessories;Car Roof Rack Cargo Carrier Rack Kit
9;Automotive Accessories;Car Roof Rack Cargo Carrier Rack Accessory
9;Automotive Accessories;Car Roof Rack Cargo Carrier Rack Extension
9;Automotive Accessories;Car Roof Rack Cargo Carrier Rack Cross Bars
9;Automotive Accessories;Car Roof Rack Cargo Carrier Rack Adapter
9;Automotive Accessories;Car Roof Rack Cargo Carrier Rack Clamp
9;Automotive Accessories;Car Roof Rack Cargo Carrier Rack Lock
9;Automotive Accessories;Car Roof Rack Cargo Carrier Rack Strap
9;Automotive Accessories;Car Roof Rack Cargo Carrier Rack Net
9;Automotive Accessories;Car Roof Rack Cargo Carrier Rack Bag
9;Automotive Accessories;Car Roof Rack Cargo Carrier Rack Cover
9;Automotive Accessories;Car Roof Rack Cargo Carrier Rack Mat
9;Automotive Accessories;Car Roof Rack Cargo Carrier Rack Divider
9;Automotive Accessories;Car Roof Rack Cargo Carrier Rack System Kit
9;Automotive Accessories;Car Roof Rack Cargo Carrier Rack System Mount
9;Automotive Accessories;Car Roof Rack Cargo Carrier Rack System Adapter
9;Automotive Accessories;Car Roof Rack Cargo Carrier Rack System Lock
9;Automotive Accessories;Car Roof Rack Cargo Carrier Rack System Strap
9;Automotive Accessories;Car Roof Rack Cargo Carrier Rack System Net
9;Automotive Accessories;Car Roof Rack Cargo Carrier Rack System Bag
9;Automotive Accessories;Car Roof Rack Cargo Carrier Rack System Cover
9;Automotive Accessories;Car Roof Rack Cargo Carrier Rack System Mat
9;Automotive Accessories;Car Roof Rack Cargo Carrier Rack System Divider
9;Automotive Accessories;Car Roof Rack Cargo Carrier Rack System Extension
9;Automotive Accessories;Car Roof Rack Cargo Carrier Rack System Cross Bars
9;Automotive Accessories;Car Roof Rack Cargo Carrier Rack System Adapter Kit
9;Automotive Accessories;Car Roof Rack Cargo Carrier Rack System Lock Kit
9;Automotive Accessories;Car Roof Rack Cargo Carrier Rack System Strap Kit
9;Automotive Accessories;Car Roof Rack Cargo Carrier Rack System Net Kit
9;Automotive Accessories;Car Roof Rack Cargo Carrier Rack System Bag Kit
9;Automotive Accessories;Car Roof Rack Cargo Carrier Rack System Cover Kit
9;Automotive Accessories;Car Roof Rack Cargo Carrier Rack System Mat Kit
9;Automotive Accessories;Car Roof Rack Cargo Carrier Rack System Divider Kit
9;Automotive Accessories;Car Roof Rack Cargo Carrier Rack System Extension Kit
9;Automotive Accessories;Car Roof Rack Cargo Carrier Rack System Cross Bars Kit
10;Outdoor and Sporting Goods;Camping Tent - 4 Person
10;Outdoor and Sporting Goods;Hiking Backpack - 40L
10;Outdoor and Sporting Goods;Portable Camping Stove
10;Outdoor and Sporting Goods;Sleeping Bag - 3-Season
10;Outdoor and Sporting Goods;Hydration Pack - 2L
10;Outdoor and Sporting Goods;Headlamp - Waterproof
10;Outdoor and Sporting Goods;Outdoor Folding Chair
10;Outdoor and Sporting Goods;Cooler Box - 20 Quart
10;Outdoor and Sporting Goods;Camping Lantern - LED
10;Outdoor and Sporting Goods;Fishing Rod and Reel Combo
10;Outdoor and Sporting Goods;Binoculars - Compact
10;Outdoor and Sporting Goods;Portable Folding Table
10;Outdoor and Sporting Goods;Camping Cookware Set
10;Outdoor and Sporting Goods;Hammock with Mosquito Net
10;Outdoor and Sporting Goods;Backpacking Stove
10;Outdoor and Sporting Goods;Inflatable Sleeping Pad
10;Outdoor and Sporting Goods;Outdoor Multi-Tool
10;Outdoor and Sporting Goods;Collapsible Water Bottle
10;Outdoor and Sporting Goods;Outdoor First Aid Kit
10;Outdoor and Sporting Goods;Camping Pillow
10;Outdoor and Sporting Goods;Portable Power Bank - Solar
10;Outdoor and Sporting Goods;Camping Shower - Portable
10;Outdoor and Sporting Goods;Camping Cot
10;Outdoor and Sporting Goods;Hiking Boots - Waterproof
10;Outdoor and Sporting Goods;Soft-Sided Cooler Bag
10;Outdoor and Sporting Goods;Fishing Tackle Box
10;Outdoor and Sporting Goods;Camping Hammock
10;Outdoor and Sporting Goods;Folding Pocket Knife
10;Outdoor and Sporting Goods;Compact Binoculars
10;Outdoor and Sporting Goods;Camping Utensil Set
10;Outdoor and Sporting Goods;Backpacking Tarp
10;Outdoor and Sporting Goods;Camping Chair with Footrest
10;Outdoor and Sporting Goods;Lightweight Backpacking Chair
10;Outdoor and Sporting Goods;Fishing Kayak - Sit-On-Top
10;Outdoor and Sporting Goods;Insulated Water Bottle
10;Outdoor and Sporting Goods;Trail Running Shoes
10;Outdoor and Sporting Goods;Portable Water Filter
10;Outdoor and Sporting Goods;Camping Shower Tent
10;Outdoor and Sporting Goods;Collapsible Trekking Poles
10;Outdoor and Sporting Goods;Portable Folding Grill
10;Outdoor and Sporting Goods;Inflatable Kayak
10;Outdoor and Sporting Goods;Camping Tarp Shelter
10;Outdoor and Sporting Goods;Hiking Poles - Adjustable
10;Outdoor and Sporting Goods;Daypack - 20L
10;Outdoor and Sporting Goods;Camping Hammock with Stand
10;Outdoor and Sporting Goods;Portable Espresso Maker
10;Outdoor and Sporting Goods;Fishing Reel - Spinning
10;Outdoor and Sporting Goods;Outdoor Blanket - Waterproof
10;Outdoor and Sporting Goods;Camping Cot with Mattress
10;Outdoor and Sporting Goods;Camping Hammock with Mosquito Net
10;Outdoor and Sporting Goods;Compact Sleeping Bag
10;Outdoor and Sporting Goods;Inflatable Stand-Up Paddleboard
10;Outdoor and Sporting Goods;Backpacking Stove System
10;Outdoor and Sporting Goods;Multi-Tool Set
10;Outdoor and Sporting Goods;Camping Fan with LED Lights
10;Outdoor and Sporting Goods;Hiking Socks - Merino Wool
10;Outdoor and Sporting Goods;Camping Chair with Cooler
10;Outdoor and Sporting Goods;Camping Lantern - Solar
10;Outdoor and Sporting Goods;Outdoor Folding Table and Chairs Set
10;Outdoor and Sporting Goods;Hiking Backpack - 50L
10;Outdoor and Sporting Goods;Portable Folding Picnic Table
10;Outdoor and Sporting Goods;Camping Cookware Set - Non-Stick
10;Outdoor and Sporting Goods;Camping Shower Bag
10;Outdoor and Sporting Goods;Backpacking Water Purifier
10;Outdoor and Sporting Goods;Compact Camping Stove
10;Outdoor and Sporting Goods;Outdoor Hammock Chair
10;Outdoor and Sporting Goods;Portable Folding Camp Kitchen
10;Outdoor and Sporting Goods;Collapsible Water Jug
10;Outdoor and Sporting Goods;Fishing Rod - Telescopic
10;Outdoor and Sporting Goods;Camping Lantern - Battery Powered
10;Outdoor and Sporting Goods;Camping Grill Grate
10;Outdoor and Sporting Goods;Inflatable Sleeping Mat
10;Outdoor and Sporting Goods;Portable Folding BBQ Grill
10;Outdoor and Sporting Goods;Camping Chair with Shade
10;Outdoor and Sporting Goods;Fishing Reel - Baitcasting
10;Outdoor and Sporting Goods;Camping Cookware Set - Stainless Steel
10;Outdoor and Sporting Goods;Insulated Cooler Backpack
10;Outdoor and Sporting Goods;Folding Campfire Grill
10;Outdoor and Sporting Goods;Camping Coffee Maker
10;Outdoor and Sporting Goods;Collapsible Camping Table
10;Outdoor and Sporting Goods;Hiking Backpack - 30L
10;Outdoor and Sporting Goods;Portable Camping Shower
10;Outdoor and Sporting Goods;Camping Stove Windshield
10;Outdoor and Sporting Goods;Solar Camping Lantern
10;Outdoor and Sporting Goods;Camping Hammock with Tree Straps
10;Outdoor and Sporting Goods;Camping Pot and Pan Set
10;Outdoor and Sporting Goods;Fishing Tackle Bag
10;Outdoor and Sporting Goods;Folding Camp Saw
10;Outdoor and Sporting Goods;Inflatable Camping Pillow
10;Outdoor and Sporting Goods;Portable Folding Fishing Chair
10;Outdoor and Sporting Goods;Camping Lantern - Rechargeable
10;Outdoor and Sporting Goods;Outdoor Survival Kit
10;Outdoor and Sporting Goods;Hiking Backpack - 60L
10;Outdoor and Sporting Goods;Portable Folding Beach Chair
10;Outdoor and Sporting Goods;Camping Cookware Set - Lightweight
10;Outdoor and Sporting Goods;Hammock Rain Fly
10;Outdoor and Sporting Goods;Backpacking Tarp Shelter
10;Outdoor and Sporting Goods;Folding Camping Table with Storage
10;Outdoor and Sporting Goods;Portable Folding Picnic Set
10;Outdoor and Sporting Goods;Camping Utensil Set - Stainless Steel
10;Outdoor and Sporting Goods;Outdoor Shower Tent
10;Outdoor and Sporting Goods;Collapsible Water Container
10;Outdoor and Sporting Goods;Fishing Rod Holder
10;Outdoor and Sporting Goods;Camping Cookware Set - Cast Iron
10;Outdoor and Sporting Goods;Hiking Backpack - 70L
10;Outdoor and Sporting Goods;Portable Folding Camp Chair
10;Outdoor and Sporting Goods;Camping Lantern - USB Rechargeable
10;Outdoor and Sporting Goods;Camping Hammock with Bug Net
10;Outdoor and Sporting Goods;Camping Stove Adapter
10;Outdoor and Sporting Goods;Solar Camping Shower
10;Outdoor and Sporting Goods;Camping Grill Rack
10;Outdoor and Sporting Goods;Inflatable Camping Sofa
10;Outdoor and Sporting Goods;Collapsible Camping Sink
10;Outdoor and Sporting Goods;Fishing Rod Rack
10;Outdoor and Sporting Goods;Folding Camping Cot
10;Outdoor and Sporting Goods;Portable Folding Picnic Table and Bench
10;Outdoor and Sporting Goods;Hiking Backpack - 25L
10;Outdoor and Sporting Goods;Camping Cookware Set - Hard Anodized
10;Outdoor and Sporting Goods;Hammock Tree Straps
10;Outdoor and Sporting Goods;Backpacking Sleeping Bag - Ultralight
10;Outdoor and Sporting Goods;Portable Folding Fishing Table
10;Outdoor and Sporting Goods;Camping Lantern - Gas
10;Outdoor and Sporting Goods;Outdoor Grill Griddle
10;Outdoor and Sporting Goods;Fishing Tackle Backpack
10;Outdoor and Sporting Goods;Folding Camping Stool
10;Outdoor and Sporting Goods;Inflatable Camping Mattress
10;Outdoor and Sporting Goods;Camping Hammock with Stand and Mosquito Net
10;Outdoor and Sporting Goods;Camping Chair with Side Table
10;Outdoor and Sporting Goods;Portable Folding Picnic Chair
10;Outdoor and Sporting Goods;Camping Utensil Set - Titanium
10;Outdoor and Sporting Goods;Outdoor Shower Bag
10;Outdoor and Sporting Goods;Collapsible Water Bucket
10;Outdoor and Sporting Goods;Fishing Rod Case
10;Outdoor and Sporting Goods;Camping Cookware Set - Enamel
10;Outdoor and Sporting Goods;Hiking Backpack - 35L
10;Outdoor and Sporting Goods;Portable Folding Grill Table
10;Outdoor and Sporting Goods;Camping Lantern - Hanging
10;Outdoor and Sporting Goods;Camping Hammock with Rainfly
10;Outdoor and Sporting Goods;Camping Stove Fuel
10;Outdoor and Sporting Goods;Solar Camping Light
10;Outdoor and Sporting Goods;Camping Grill Pan
10;Outdoor and Sporting Goods;Inflatable Camping Couch
10;Outdoor and Sporting Goods;Collapsible Camping Chair
10;Outdoor and Sporting Goods;Fishing Rod and Reel Case
10;Outdoor and Sporting Goods;Folding Camping Table and Chairs Set
10;Outdoor and Sporting Goods;Portable Folding Camping Cot
10;Outdoor and Sporting Goods;Camping Utensil Set - Aluminum
10;Outdoor and Sporting Goods;Outdoor Shower Pump
10;Outdoor and Sporting Goods;Camping Hammock with Straps
10;Outdoor and Sporting Goods;Camping Chair with Canopy
10;Outdoor and Sporting Goods;Portable Folding Lounge Chair
10;Outdoor and Sporting Goods;Hiking Backpack - 45L
10;Outdoor and Sporting Goods;Camping Cookware Set - Campingaz
10;Outdoor and Sporting Goods;Portable Folding Fire Pit
10;Outdoor and Sporting Goods;Camping Lantern - Candle
10;Outdoor and Sporting Goods;Camping Hammock with Spreader Bar
10;Outdoor and Sporting Goods;Camping Stove Windscreen
10;Outdoor and Sporting Goods;Solar Camping Lantern with USB Charger
10;Outdoor and Sporting Goods;Fishing Tackle Tray
10;Outdoor and Sporting Goods;Folding Camping Table with Cup Holders
10;Outdoor and Sporting Goods;Portable Folding Camping Stove
10;Outdoor and Sporting Goods;Camping Grill Basket
10;Outdoor and Sporting Goods;Collapsible Camping Bucket
10;Outdoor and Sporting Goods;Fishing Rod Sleeve
10;Outdoor and Sporting Goods;Folding Camping Table with Sink
10;Outdoor and Sporting Goods;Portable Folding Picnic Table with Seats
10;Outdoor and Sporting Goods;Hiking Backpack - 55L
10;Outdoor and Sporting Goods;Camping Cookware Set - Stanley
10;Outdoor and Sporting Goods;Portable Folding High Chair
10;Outdoor and Sporting Goods;Camping Lantern - Propane
10;Outdoor and Sporting Goods;Camping Hammock with Spreader Bars and Stand
10;Outdoor and Sporting Goods;Camping Stove Stand
10;Outdoor and Sporting Goods;Solar Camping Lantern with Phone Charger
10;Outdoor and Sporting Goods;Fishing Tackle Organizer
10;Outdoor and Sporting Goods;Inflatable Camping Bed
10;Outdoor and Sporting Goods;Camping Grill Mat
10;Outdoor and Sporting Goods;Collapsible Camping Table and Chairs
10;Outdoor and Sporting Goods;Fishing Rod and Reel Storage Rack
10;Outdoor and Sporting Goods;Folding Camping Table with Adjustable Legs
10;Outdoor and Sporting Goods;Portable Folding Camping Grill
10;Outdoor and Sporting Goods;Camping Hammock with Mosquito Net and Rainfly
10;Outdoor and Sporting Goods;Camping Chair with Footrest and Canopy
10;Outdoor and Sporting Goods;Portable Folding Picnic Table with Benches
10;Outdoor and Sporting Goods;Hiking Backpack - 65L
10;Outdoor and Sporting Goods;Camping Cookware Set - MSR
10;Outdoor and Sporting Goods;Portable Folding Picnic Table and Chair Set
10;Outdoor and Sporting Goods;Camping Lantern - Coleman
10;Outdoor and Sporting Goods;Camping Hammock with Stand and Canopy
10;Outdoor and Sporting Goods;Camping Stove Propane Adapter
10;Outdoor and Sporting Goods;Solar Camping Lantern with Fan
10;Outdoor and Sporting Goods;Fishing Tackle Box Organizer
10;Outdoor and Sporting Goods;Folding Camping Table with Cooler
10;Outdoor and Sporting Goods;Camping Grill Set
10;Outdoor and Sporting Goods;Collapsible Camping Stool with Backrest
10;Outdoor and Sporting Goods;Fishing Rod Holder for Bank
10;Outdoor and Sporting Goods;Folding Camping Table with Cup Holder
10;Outdoor and Sporting Goods;Portable Folding Camping Table and Bench Set
10;Outdoor and Sporting Goods;Camping Utensil Set - Bamboo
10;Outdoor and Sporting Goods;Outdoor Shower Bag with Pump
10;Outdoor and Sporting Goods;Camping Chair with Shade Canopy
10;Outdoor and Sporting Goods;Portable Folding Lounge Chair with Canopy
10;Outdoor and Sporting Goods;Hiking Backpack - 80L
10;Outdoor and Sporting Goods;Camping Cookware Set - Jetboil
10;Outdoor and Sporting Goods;Portable Folding Grill Stand
10;Outdoor and Sporting Goods;Camping Lantern - LED Rechargeable
10;Outdoor and Sporting Goods;Camping Hammock with Tree Straps and Carabiners
10;Outdoor and Sporting Goods;Camping Stove Gas Canister
10;Outdoor and Sporting Goods;Solar Camping Lantern with USB and Radio
10;Outdoor and Sporting Goods;Fishing Tackle Bag with Rod Holder
10;Outdoor and Sporting Goods;Folding Camping Table with Sink and Storage
10;Outdoor and Sporting Goods;Collapsible Camping Chair with Footrest
10;Outdoor and Sporting Goods;Fishing Rod Rack Wall Mount
10;Outdoor and Sporting Goods;Folding Camping Table with Adjustable Height
10;Outdoor and Sporting Goods;Portable Folding Camping Cot Bed
10;Outdoor and Sporting Goods;Camping Utensil Set - Stainless Steel and Wood
10;Outdoor and Sporting Goods;Outdoor Shower Bag with Heater
10;Outdoor and Sporting Goods;Camping Hammock with Stand and Bug Net
10;Outdoor and Sporting Goods;Camping Chair with Cooler and Side Table
10;Outdoor and Sporting Goods;Portable Folding Picnic Table with Umbrella
10;Outdoor and Sporting Goods;Hiking Backpack - 90L
10;Outdoor and Sporting Goods;Camping Cookware Set - GSI Outdoors
10;Outdoor and Sporting Goods;Portable Folding Picnic Set with Table and Chairs
10;Outdoor and Sporting Goods;Camping Lantern - Battery Operated
10;Outdoor and Sporting Goods;Camping Hammock with Tree Straps and Rainfly
10;Outdoor and Sporting Goods;Solar Camping Lantern with Fan and Phone Charger
10;Outdoor and Sporting Goods;Fishing Tackle Backpack with Rod Holder
10;Outdoor and Sporting Goods;Folding Camping Table with Cooler Bag
10;Outdoor and Sporting Goods;Collapsible Camping Table with Storage Organizer
10;Outdoor and Sporting Goods;Fishing Rod Sleeve Cover
10;Outdoor and Sporting Goods;Folding Camping Table with Sink and Faucet
10;Outdoor and Sporting Goods;Portable Folding Camping Table and Chair Set
10;Outdoor and Sporting Goods;Camping Utensil Set - Stainless Steel and Nylon